<?xml version="1.0" encoding="UTF-8"?>
<project basedir=".." name="Blu-ray Disc Java Project-IDE">
    <property file="build.properties"/>
    <!-- TODO: edit the following target according to your needs -->
    <!-- (more info: http://www.netbeans.org/kb/41/freeform-config.html#debugj2se) -->
    <target name="debug-nb">
        <path id="cp">
            <!-- TODO configure the runtime classpath for your project here: -->
        </path>
        <nbjpdastart addressproperty="jpda.address" name="Blu-ray Disc Java Project" transport="dt_socket">
            <classpath refid="cp"/>
        </nbjpdastart>
        <!-- TODO configure the main class for your project here: -->
        <java classname="some.main.Class" fork="true">
            <classpath refid="cp"/>
            <jvmarg value="-Xdebug"/>
            <jvmarg value="-Xrunjdwp:transport=dt_socket,address=${jpda.address}"/>
        </java>
    </target>
</project>
